lake,year,month,sample_id,site,hypo_temp_c,hypo_DO_mgL,hypo_DO_sat,core_id,core_unique,sediment_sa_m2,water_height_pre_m,water_height_post_m,doy,pH,temp_c,DO_mgL,DO_sat,TP_mgL_1,TP_mgL_2,vol_replace_L,replace_TP_mgL_1,replace_TP_mgL_2
Green Valley,2020,February,C20041040401,4,4.2,1.11,8.6,1,1,0.001735,0.232,NA,40,6.84,6.2,7.63,61.5,0.2914,0.235,0.095,0.0466,0.0502
Green Valley,2020,February,C20041040402,4,4.2,1.11,8.6,2,2,0.001735,0.256,NA,40,6.92,6.3,10.9,88.4,0.2812,0.2764,0.097,0.0466,0.0502
Green Valley,2020,February,C20041040403,4,4.2,1.11,8.6,3,3,0.001735,0.23,NA,40,7.03,6.5,10.9,89.2,0.2208,0.1959,0.097,0.0466,0.0502
Green Valley,2020,February,C200410401004,10,3.2,12.61,94.3,4,4,0.001735,0.23,NA,40,7.34,6.5,11.79,96,0.1242,0.0925,0.097,0.068,0.0673
Green Valley,2020,February,C200410401005,10,3.2,12.61,94.3,5,5,0.001735,0.226,NA,40,7.42,6.9,11.91,97.7,0.1047,0.1066,0.097,0.068,0.0673
Green Valley,2020,February,C200410401006,10,3.2,12.61,94.3,6,6,0.001735,0.286,NA,40,7.54,6.2,12.1,98.6,0.1567,0.1709,0.097,0.068,0.0673
Green Valley,2020,February,C20041041401,4,4.2,1.11,8.6,1,1,0.001735,0.232,NA,41,6.89,6.2,8.22,66.5,0.1501,0.1514,0.097,0.0453,0.0445
Green Valley,2020,February,C20041041402,4,4.2,1.11,8.6,2,2,0.001735,0.256,NA,41,6.93,6.5,10.71,87.3,0.1727,0.1697,0.097,0.0453,0.0445
Green Valley,2020,February,C20041041403,4,4.2,1.11,8.6,3,3,0.001735,0.23,NA,41,7.07,6.5,10.26,83.6,0.1402,0.1482,0.097,0.0453,0.0445
Green Valley,2020,February,C200410411004,10,3.2,12.61,94.3,4,4,0.001735,0.23,NA,41,7.26,6.9,11.92,98.2,0.0964,0.0928,0.14,0.0572,0.0549
Green Valley,2020,February,C200410411005,10,3.2,12.61,94.3,5,5,0.001735,0.226,NA,41,7.62,7.3,12.11,100.6,0.0901,0.0957,0.097,0.0572,0.0549
Green Valley,2020,February,C200410411006,10,3.2,12.61,94.3,6,6,0.001735,0.286,NA,41,7.8,5.9,12.16,102.3,0.0954,0.0958,0.097,0.0572,0.0549
Green Valley,2020,February,C20041042401,4,4.2,1.11,8.6,1,1,0.001735,0.232,NA,42,6.98,5.7,2.4,19.1,0.0987,0.1134,0.097,0.0435,0.0433
Green Valley,2020,February,C20041042402,4,4.2,1.11,8.6,2,2,0.001735,0.256,NA,42,7.5,5.5,1.1,8.8,0.0976,0.1332,0.097,0.0435,0.0433
Green Valley,2020,February,C20041042403,4,4.2,1.11,8.6,3,3,0.001735,0.23,NA,42,7.4,5.6,6.33,50.5,0.1367,0.1326,0.097,0.0435,0.0433
Green Valley,2020,February,C200410421004,10,3.2,12.61,94.3,4,4,0.001735,0.23,NA,42,7.82,6,11.84,95.4,0.0736,0.0833,0.097,0.0558,0.0543
Green Valley,2020,February,C200410421005,10,3.2,12.61,94.3,5,5,0.001735,0.226,NA,42,7.77,6.6,12.1,98.9,0.0783,0.0806,0.097,0.0558,0.0543
Green Valley,2020,February,C200410421006,10,3.2,12.61,94.3,6,6,0.001735,0.286,NA,42,7.92,5.7,12.42,99.1,0.1098,0.0885,0.097,0.0558,0.0543
Green Valley,2020,February,C20041043401,4,4.2,1.11,8.6,1,1,0.001735,0.232,NA,43,7.49,5.1,1.57,12.1,0.1195,0.1255,0.097,0.0479,0.0507
Green Valley,2020,February,C20041043402,4,4.2,1.11,8.6,2,2,0.001735,0.256,NA,43,8.19,5.1,0.77,6,0.0938,0.094,0.097,0.0479,0.0507
Green Valley,2020,February,C20041043403,4,4.2,1.11,8.6,3,3,0.001735,0.23,NA,43,8.32,5.4,0.94,7.5,0.2584,0.2654,0.107,0.0479,0.0507
Green Valley,2020,February,C200410431004,10,3.2,12.61,94.3,4,4,0.001735,0.23,NA,43,8.07,6,11.3,90.9,0.1251,0.1164,0.097,0.0567,0.0635
Green Valley,2020,February,C200410431005,10,3.2,12.61,94.3,5,5,0.001735,0.226,NA,43,8.09,6.6,12.6,98.4,0.0659,0.0565,0.107,0.0567,0.0635
Green Valley,2020,February,C200410431006,10,3.2,12.61,94.3,6,6,0.001735,0.286,NA,43,8.06,5.8,12.43,99.4,0.088,0.0841,0.107,0.0567,0.0635
Green Valley,2020,February,C20041044401,4,4.2,1.11,8.6,1,1,0.001735,0.232,NA,44,8.3,5.2,1.37,10.6,0.1683,0.1725,NA,NA,NA
Green Valley,2020,February,C20041044402,4,4.2,1.11,8.6,2,2,0.001735,0.256,NA,44,8.33,5.3,0.9,7,0.1634,0.1718,NA,NA,NA
Green Valley,2020,February,C20041044403,4,4.2,1.11,8.6,3,3,0.001735,0.23,NA,44,8.32,5.7,1.18,9.4,0.3552,0.3419,NA,NA,NA
Green Valley,2020,February,C200410441004,10,3.2,12.61,94.3,4,4,0.001735,0.23,NA,44,8.14,6.2,10.9,88.2,0.0639,0.0662,NA,NA,NA
Green Valley,2020,February,C200410441005,10,3.2,12.61,94.3,5,5,0.001735,0.226,NA,44,8.27,6.8,12.02,98.6,0.0651,0.0583,NA,NA,NA
Green Valley,2020,February,C200410441006,10,3.2,12.61,94.3,6,6,0.001735,0.286,NA,44,8.12,6.3,12.36,100.1,0.0688,0.075,NA,NA,NA
Green Valley,2020,April,C20041118401,4,11.9,5.84,54.3,1,7,0.001735,0.207,0.182,118,6.98,11.9,8.42,77.8,0.2252,0.2204,0.065,0.0563,0.0603
Green Valley,2020,April,C20041118402,4,11.9,5.84,54.3,2,8,0.001735,0.226,0.215,118,7.03,11.2,9.44,86.1,0.1259,0.1221,0.065,0.0563,0.0603
Green Valley,2020,April,C20041118403,4,11.9,5.84,54.3,3,9,0.001735,0.2,0.182,118,6.94,10.8,7.46,67.1,0.1564,0.1575,0.065,0.0563,0.0603
Green Valley,2020,April,C200411181004,10,14.1,8.88,86.4,4,10,0.001735,0.188,0.27,118,7.09,12,10.28,95.5,0.0984,0.1007,0.065,0.0408,0.0368
Green Valley,2020,April,C200411181005,10,14.1,8.88,86.4,5,11,0.001735,0.284,0.262,118,7.16,11.8,9.96,92,0.0948,0.0981,0.065,0.0408,0.0368
Green Valley,2020,April,C200411181006,10,14.1,8.88,86.4,6,12,0.001735,0.342,0.33,118,7.19,11.8,9.81,90.6,0.1403,0.1278,0.065,0.0408,0.0368
Green Valley,2020,April,C20041118107,1,14.6,9.41,92.5,7,13,0.001735,0.296,0.28,118,7.46,12.1,10.44,97.3,0.1075,0.1129,0.065,0.0455,0.0448
Green Valley,2020,April,C20041118108,1,14.6,9.41,92.5,8,14,0.001735,0.316,0.302,118,7.41,12.1,9.62,89.5,0.0945,0.0895,0.065,0.0455,0.0448
Green Valley,2020,April,C20041118109,1,14.6,9.41,92.5,9,15,0.001735,0.262,0.254,118,7.55,12.6,10.43,98.3,0.1556,0.1558,0.065,0.0455,0.0448
Green Valley,2020,April,C20041119401,4,11.9,5.84,54.3,1,7,0.001735,0.207,0.182,119,6.83,12.7,6.64,63.1,0.2308,0.2004,0.065,0.0616,0.0671
Green Valley,2020,April,C20041119402,4,11.9,5.84,54.3,2,8,0.001735,0.226,0.215,119,6.98,11.4,8.5,77.8,0.1412,0.1412,0.065,0.0616,0.0671
Green Valley,2020,April,C20041119403,4,11.9,5.84,54.3,3,9,0.001735,0.2,0.182,119,7.01,10.9,5.76,52.5,0.1773,0.1765,0.065,0.0616,0.0671
Green Valley,2020,April,C200411191004,10,14.1,8.88,86.4,4,10,0.001735,0.188,0.27,119,7.26,11.3,9.98,91.3,0.0895,0.0912,0.065,0.0405,0.0452
Green Valley,2020,April,C200411191005,10,14.1,8.88,86.4,5,11,0.001735,0.284,0.262,119,7.35,11.1,9.12,82.9,0.1041,0.1093,0.065,0.0405,0.0452
Green Valley,2020,April,C200411191006,10,14.1,8.88,86.4,6,12,0.001735,0.342,0.33,119,7.43,11.1,9.97,90.6,0.1387,0.1346,0.065,0.0405,0.0452
Green Valley,2020,April,C20041119107,1,14.6,9.41,92.5,7,13,0.001735,0.296,0.28,119,7.61,11.6,10.18,93.6,0.1195,0.1083,0.065,0.0489,0.0492
Green Valley,2020,April,C20041119108,1,14.6,9.41,92.5,8,14,0.001735,0.316,0.302,119,7.69,11.5,9.85,90,0.1058,0.1083,0.065,0.0489,0.0492
Green Valley,2020,April,C20041119109,1,14.6,9.41,92.5,9,15,0.001735,0.262,0.254,119,7.69,11.2,10.05,91.7,0.2131,0.2169,0.065,0.0489,0.0492
Green Valley,2020,April,C20041120401,4,11.9,5.84,54.3,1,7,0.001735,0.207,0.182,120,6.8,12.2,6.5,60.7,0.1973,0.1979,0.065,0.0596,0.0561
Green Valley,2020,April,C20041120402,4,11.9,5.84,54.3,2,8,0.001735,0.226,0.215,120,7,10.8,8.91,80.6,0.1127,0.1219,0.065,0.0596,0.0561
Green Valley,2020,April,C20041120403,4,11.9,5.84,54.3,3,9,0.001735,0.2,0.182,120,7.13,10.4,6.61,59.3,0.1499,0.1427,0.065,0.0596,0.0561
Green Valley,2020,April,C200411201004,10,14.1,8.88,86.4,4,10,0.001735,0.188,0.27,120,7.32,10.9,10.35,93.7,0.0906,0.0966,0.065,0.0446,0.0442
Green Valley,2020,April,C200411201005,10,14.1,8.88,86.4,5,11,0.001735,0.284,0.262,120,7.36,10.6,10.28,92.4,0.0992,0.1014,0.065,0.0446,0.0442
Green Valley,2020,April,C200411201006,10,14.1,8.88,86.4,6,12,0.001735,0.342,0.33,120,7.63,10.6,10.63,95.5,0.1158,0.1178,0.065,0.0446,0.0442
Green Valley,2020,April,C20041120107,1,14.6,9.41,92.5,7,13,0.001735,0.296,0.28,120,7.77,11.1,10.55,96,0.0859,0.086,0.065,0.0477,0.0484
Green Valley,2020,April,C20041120108,1,14.6,9.41,92.5,8,14,0.001735,0.316,0.302,120,7.8,10.9,10.35,93.5,0.0853,0.0841,0.065,0.0477,0.0484
Green Valley,2020,April,C20041120109,1,14.6,9.41,92.5,9,15,0.001735,0.262,0.254,120,7.9,10.7,10.57,95.3,0.1552,0.1532,0.065,0.0477,0.0484
Green Valley,2020,April,C20041121401,4,11.9,5.84,54.3,1,7,0.001735,0.207,0.182,121,6.85,12.4,6.82,64,0.1733,0.175,NA,NA,NA
Green Valley,2020,April,C20041121402,4,11.9,5.84,54.3,2,8,0.001735,0.226,0.215,121,6.99,11,8.73,79.3,0.1161,0.1141,NA,NA,NA
Green Valley,2020,April,C20041121403,4,11.9,5.84,54.3,3,9,0.001735,0.2,0.182,121,7.58,10.5,6.31,56.6,0.1336,0.1478,NA,NA,NA
Green Valley,2020,April,C200411211004,10,14.1,8.88,86.4,4,10,0.001735,0.188,0.27,121,7.96,10.9,10.36,94,0.0925,0.0863,NA,NA,NA
Green Valley,2020,April,C200411211005,10,14.1,8.88,86.4,5,11,0.001735,0.284,0.262,121,7.94,10.7,10.46,94.4,0.0892,0.09,NA,NA,NA
Green Valley,2020,April,C200411211006,10,14.1,8.88,86.4,6,12,0.001735,0.342,0.33,121,8.13,10.8,10.64,96.2,0.1107,0.1147,NA,NA,NA
Green Valley,2020,April,C20041121107,1,14.6,9.41,92.5,7,13,0.001735,0.296,0.28,121,8.16,11.3,10.61,96.9,0.0971,0.0934,NA,NA,NA
Green Valley,2020,April,C20041121108,1,14.6,9.41,92.5,8,14,0.001735,0.316,0.302,121,8.23,11.1,10.69,97.4,0.09,0.0915,NA,NA,NA
Green Valley,2020,April,C20041121109,1,14.6,9.41,92.5,9,15,0.001735,0.262,0.254,121,8.25,11,10.75,97.6,0.1445,0.1451,NA,NA,NA
Green Valley,2020,June,C20041182401,4,24.2,0.28,3.3,1,16,0.001735,0.264,0.246,182,7.97,22.1,1.6,18.4,0.2525,0.2658,0.05,0.1807,0.1759
Green Valley,2020,June,C20041182402,4,24.2,0.28,3.3,2,17,0.001735,0.192,0.198,182,7.7,22,1.65,18.9,0.3096,0.3275,0.05,0.1807,0.1759
Green Valley,2020,June,C20041182403,4,24.2,0.28,3.3,3,18,0.001735,0.186,0.185,182,7.84,22,1.51,17.3,0.277,0.2731,0.05,0.1807,0.1759
Green Valley,2020,June,C200411821004,10,26.3,6.26,78,4,19,0.001735,0.232,0.213,182,6.94,22.1,2.8,32,0.4221,0.4177,0.05,0.2143,0.2068
Green Valley,2020,June,C200411821005,10,26.3,6.26,78,5,20,0.001735,0.282,0.263,182,7.43,22,7.62,87.2,0.3258,0.3284,0.05,0.2143,0.2068
Green Valley,2020,June,C200411821006,10,26.3,6.26,78,6,21,0.001735,0.207,0.184,182,7.16,22.1,6.45,74,0.3825,0.4236,0.05,0.2143,0.2068
Green Valley,2020,June,C20041182107,1,26.5,5.41,67.4,7,22,0.001735,0.305,0.29,182,7.33,22.1,6.91,79.2,0.2619,0.2781,0.05,0.2509,0.2488
Green Valley,2020,June,C20041182108,1,26.5,5.41,67.4,8,23,0.001735,0.308,0.284,182,7.53,22.3,7.51,86.3,0.327,0.2919,0.05,0.2509,0.2488
Green Valley,2020,June,C20041182109,1,26.5,5.41,67.4,9,24,0.001735,0.329,0.31,182,7.51,22.4,7.57,87.1,0.347,0.3306,0.05,0.2509,0.2488
Green Valley,2020,June,C20041183401,4,24.2,0.28,3.3,1,16,0.001735,0.264,0.246,183,8.57,23.1,1.14,13.4,0.3296,0.3236,0.05,0.1773,0.1735
Green Valley,2020,June,C20041183402,4,24.2,0.28,3.3,2,17,0.001735,0.192,0.198,183,8.17,22.9,1.22,14.2,0.5255,0.5072,0.05,0.1773,0.1735
Green Valley,2020,June,C20041183403,4,24.2,0.28,3.3,3,18,0.001735,0.186,0.185,183,8.1,22.9,1.22,14.1,0.3877,0.3856,0.05,0.1773,0.1735
Green Valley,2020,June,C200411831004,10,26.3,6.26,78,4,19,0.001735,0.232,0.213,183,7.52,22.9,7.08,82.3,0.2858,0.2818,0.05,0.2179,0.213
Green Valley,2020,June,C200411831005,10,26.3,6.26,78,5,20,0.001735,0.282,0.263,183,7.71,22.8,7.7,89.4,0.2966,0.2991,0.05,0.2179,0.213
Green Valley,2020,June,C200411831006,10,26.3,6.26,78,6,21,0.001735,0.207,0.184,183,7.15,23,6.55,76.3,0.3367,0.3454,0.05,0.2179,0.213
Green Valley,2020,June,C20041183107,1,26.5,5.41,67.4,7,22,0.001735,0.305,0.29,183,7.54,23,7.84,91.4,0.222,0.2178,0.05,0.2369,0.2457
Green Valley,2020,June,C20041183108,1,26.5,5.41,67.4,8,23,0.001735,0.308,0.284,183,7.55,23.1,7.64,89.3,0.3087,0.3072,0.05,0.2369,0.2457
Green Valley,2020,June,C20041183109,1,26.5,5.41,67.4,9,24,0.001735,0.329,0.31,183,7.28,23.1,6.6,77.1,0.327,0.3225,0.05,0.2369,0.2457
Green Valley,2020,June,C20041184401,4,24.2,0.28,3.3,1,16,0.001735,0.264,0.246,184,8.5,23.1,1.4,16.4,0.3819,0.3871,0.05,0.1743,0.1738
Green Valley,2020,June,C20041184402,4,24.2,0.28,3.3,2,17,0.001735,0.192,0.198,184,8.03,22.9,1.39,16,0.4639,0.4398,0.05,0.1743,0.1738
Green Valley,2020,June,C20041184403,4,24.2,0.28,3.3,3,18,0.001735,0.186,0.185,184,8,22.8,1.06,12.4,0.4891,0.4798,0.05,0.1743,0.1738
Green Valley,2020,June,C200411841004,10,26.3,6.26,78,4,19,0.001735,0.232,0.213,184,7.29,22.9,6.31,73.5,0.2466,0.242,0.05,0.168,0.1587
Green Valley,2020,June,C200411841005,10,26.3,6.26,78,5,20,0.001735,0.282,0.263,184,7.07,22.9,5.45,63.3,0.2985,0.3041,0.05,0.168,0.1587
Green Valley,2020,June,C200411841006,10,26.3,6.26,78,6,21,0.001735,0.207,0.184,184,7,23,5.18,60.4,0.3224,0.3432,0.05,0.168,0.1587
Green Valley,2020,June,C20041184107,1,26.5,5.41,67.4,7,22,0.001735,0.305,0.29,184,7.53,23,7.79,91,0.2182,0.2117,0.05,0.2235,0.1945
Green Valley,2020,June,C20041184108,1,26.5,5.41,67.4,8,23,0.001735,0.308,0.284,184,7.71,23.1,7.5,87.7,0.3877,0.3895,0.05,0.2235,0.1945
Green Valley,2020,June,C20041184109,1,26.5,5.41,67.4,9,24,0.001735,0.329,0.31,184,7.14,23.1,6.2,72.5,0.3563,0.3554,0.05,0.2235,0.1945
Green Valley,2020,June,C20041185401,4,24.2,0.28,3.3,1,16,0.001735,0.264,0.246,185,8.38,23.2,1.45,17,0.4195,0.3809,NA,NA,NA
Green Valley,2020,June,C20041185402,4,24.2,0.28,3.3,2,17,0.001735,0.192,0.198,185,7.9,23.2,1.55,18.2,0.4522,0.4503,NA,NA,NA
Green Valley,2020,June,C20041185403,4,24.2,0.28,3.3,3,18,0.001735,0.186,0.185,185,7.94,23.2,1.42,16.4,0.4927,0.4982,NA,NA,NA
Green Valley,2020,June,C200411851004,10,26.3,6.26,78,4,19,0.001735,0.232,0.213,185,7.45,23.3,6.95,81.5,0.2274,0.2335,NA,NA,NA
Green Valley,2020,June,C200411851005,10,26.3,6.26,78,5,20,0.001735,0.282,0.263,185,7.25,23.3,6.42,75,0.3767,0.3823,NA,NA,NA
Green Valley,2020,June,C200411851006,10,26.3,6.26,78,6,21,0.001735,0.207,0.184,185,7.14,23.3,5.81,68.2,0.2005,0.2086,NA,NA,NA
Green Valley,2020,June,C20041185107,1,26.5,5.41,67.4,7,22,0.001735,0.305,0.29,185,7.75,23.4,7.79,91.6,0.2115,0.2177,NA,NA,NA
Green Valley,2020,June,C20041185108,1,26.5,5.41,67.4,8,23,0.001735,0.308,0.284,185,7.6,23.5,7.44,87.5,0.3431,0.344,NA,NA,NA
Green Valley,2020,June,C20041185109,1,26.5,5.41,67.4,9,24,0.001735,0.329,0.31,185,7.43,23.5,7.07,83.2,0.2957,0.3027,NA,NA,NA
Green Valley,2020,August,C20041224401,4,24.9,4.54,54.7,1,25,0.001735,0.096,0.082,224,7.79,23.9,2.81,33,1.2367,1.2345,0.05,0.3049,0.3117
Green Valley,2020,August,C20041224402,4,24.9,4.54,54.7,2,26,0.001735,0.148,0.136,224,7.89,24,2.5,29.6,0.4966,0.4956,0.05,0.3049,0.3117
Green Valley,2020,August,C20041224403,4,24.9,4.54,54.7,3,27,0.001735,0.104,0.09,224,8.11,24,1.34,15.6,1.0689,1.0685,0.05,0.3049,0.3117
Green Valley,2020,August,C200412241004,10,25.4,4.76,58,4,28,0.001735,0.206,0.194,224,7.99,23.8,1.94,22.8,0.6014,0.6171,0.05,0.3171,0.3216
Green Valley,2020,August,C200412241005,10,25.4,4.76,58,5,29,0.001735,0.276,0.254,224,8.17,23.8,1.56,18.4,0.4398,0.4425,0.05,0.3171,0.3216
Green Valley,2020,August,C200412241006,10,25.4,4.76,58,6,30,0.001735,0.242,0.23,224,8.18,23.9,1.49,17.6,0.496,0.5057,0.05,0.3171,0.3216
Green Valley,2020,August,C20041224107,1,26.1,7.17,88.7,7,31,0.001735,0.34,0.323,224,8.48,23.8,7.04,83.6,0.356,0.3646,0.05,0.3583,0.3656
Green Valley,2020,August,C20041224108,1,26.1,7.17,88.7,8,32,0.001735,0.314,0.29,224,8.4,23.8,6.65,78.4,0.5524,0.5576,0.05,0.3583,0.3656
Green Valley,2020,August,C20041224109,1,26.1,7.17,88.7,9,33,0.001735,0.344,0.32,224,8.55,23.9,6.98,82.8,0.3755,0.3772,0.05,0.3583,0.3656
Green Valley,2020,August,C20041225401,4,24.9,4.54,54.7,1,25,0.001735,0.196,0.082,225,7.95,24.3,1.35,16,1.3411,1.3538,0.05,0.2995,0.2998
Green Valley,2020,August,C20041225402,4,24.9,4.54,54.7,2,26,0.001735,0.148,0.136,225,7.9,24.5,1.29,15.5,0.5153,0.5267,0.05,0.2995,0.2998
Green Valley,2020,August,C20041225403,4,24.9,4.54,54.7,3,27,0.001735,0.104,0.09,225,7.65,24.5,1.63,19.5,0.8095,0.7927,0.05,0.2995,0.2998
Green Valley,2020,August,C200412251004,10,25.4,4.76,58,4,28,0.001735,0.206,0.194,225,7.69,24.3,2.2,26.2,0.6405,0.6521,0.05,0.3417,0.3453
Green Valley,2020,August,C200412251005,10,25.4,4.76,58,5,29,0.001735,0.276,0.254,225,7.89,24.3,1.93,23,0.5346,0.5483,0.05,0.3417,0.3453
Green Valley,2020,August,C200412251006,10,25.4,4.76,58,6,30,0.001735,0.242,0.23,225,8.1,24.3,1.48,17.6,0.6708,0.6808,0.05,0.3417,0.3453
Green Valley,2020,August,C20041225107,1,26.1,7.17,88.7,7,31,0.001735,0.34,0.323,225,8.23,24.2,7.26,86.7,0.3723,0.3775,0.05,0.3677,0.3705
Green Valley,2020,August,C20041225108,1,26.1,7.17,88.7,8,32,0.001735,0.314,0.29,225,8.01,24.2,5.58,66.6,0.4387,0.445,0.05,0.3677,0.3705
Green Valley,2020,August,C20041225109,1,26.1,7.17,88.7,9,33,0.001735,0.344,0.32,225,8.12,24.3,7.27,86.9,0.4091,0.4214,0.05,0.3677,0.3705
Green Valley,2020,August,C20041226401,4,24.9,4.54,54.7,1,25,0.001735,0.196,0.082,226,7.41,26.2,1.68,20.6,1.1349,1.1383,0.05,0.315,0.3162
Green Valley,2020,August,C20041226402,4,24.9,4.54,54.7,2,26,0.001735,0.148,0.136,226,7.32,26.2,0.98,12,0.3593,0.3611,0.05,0.315,0.3162
Green Valley,2020,August,C20041226403,4,24.9,4.54,54.7,3,27,0.001735,0.104,0.09,226,7.24,26.2,1.25,15.5,0.7177,0.7254,0.05,0.315,0.3162
Green Valley,2020,August,C200412261004,10,25.4,4.76,58,4,28,0.001735,0.206,0.194,226,7.26,26,1.8,22.1,0.5705,0.5725,0.05,0.3405,0.3404
Green Valley,2020,August,C200412261005,10,25.4,4.76,58,5,29,0.001735,0.276,0.254,226,7.33,26.1,2.79,34.4,0.5622,0.5706,0.05,0.3405,0.3404
Green Valley,2020,August,C200412261006,10,25.4,4.76,58,6,30,0.001735,0.242,0.23,226,7.36,26.1,2.44,28.4,0.642,0.6574,0.05,0.3405,0.3404
Green Valley,2020,August,C20041226107,1,26.1,7.17,88.7,7,31,0.001735,0.34,0.323,226,7.49,25.9,6.45,79.2,0.4471,0.4435,0.05,0.3532,0.3535
Green Valley,2020,August,C20041226108,1,26.1,7.17,88.7,8,32,0.001735,0.314,0.29,226,7.52,25.9,5.34,65.6,0.5479,0.5579,0.05,0.3532,0.3535
Green Valley,2020,August,C20041226109,1,26.1,7.17,88.7,9,33,0.001735,0.344,0.32,226,7.57,25.9,6.38,78.4,0.4588,0.4619,0.05,0.3532,0.3535
Green Valley,2020,August,C20041227401,4,24.9,4.54,54.7,1,25,0.001735,0.196,0.082,227,7.34,24.4,2.12,25,0.7441,0.739,NA,NA,NA
Green Valley,2020,August,C20041227402,4,24.9,4.54,54.7,2,26,0.001735,0.148,0.136,227,7.31,24.4,1.31,15.4,0.4502,0.4534,NA,NA,NA
Green Valley,2020,August,C20041227403,4,24.9,4.54,54.7,3,27,0.001735,0.104,0.09,227,7.21,24.4,1.03,12.3,0.4475,0.4452,NA,NA,NA
Green Valley,2020,August,C200412271004,10,25.4,4.76,58,4,28,0.001735,0.206,0.194,227,7.26,24.3,1.7,19.9,0.3724,0.3839,NA,NA,NA
Green Valley,2020,August,C200412271005,10,25.4,4.76,58,5,29,0.001735,0.276,0.254,227,7.4,24.4,1.44,17.2,0.5937,0.5973,NA,NA,NA
Green Valley,2020,August,C200412271006,10,25.4,4.76,58,6,30,0.001735,0.242,0.23,227,7.37,24.4,1.56,18.6,0.6222,0.6252,NA,NA,NA
Green Valley,2020,August,C20041227107,1,26.1,7.17,88.7,7,31,0.001735,0.34,0.323,227,8.1,24.5,7.11,85.3,0.4105,0.4158,NA,NA,NA
Green Valley,2020,August,C20041227108,1,26.1,7.17,88.7,8,32,0.001735,0.314,0.29,227,7.94,24.4,6.15,73.6,0.2225,0.2255,NA,NA,NA
Green Valley,2020,August,C20041227109,1,26.1,7.17,88.7,9,33,0.001735,0.344,0.32,227,8.19,24.4,7.17,86,0.2929,0.2974,NA,NA,NA
Green Valley,2020,October,C20041299401,4,8.4,8.65,73.8,1,34,0.001735,0.179,0.172,299,8.64,12.3,10.6,99.1,0.2363,0.2362,0.05,0.1294,0.1262
Green Valley,2020,October,C20041299402,4,8.4,8.65,73.8,2,35,0.001735,0.196,0.19,299,8.36,10.5,10.4,93.3,0.2206,0.2219,0.05,0.1294,0.1262
Green Valley,2020,October,C20041299403,4,8.4,8.65,73.8,3,36,0.001735,0.194,0.194,299,8.47,10.3,10.87,97.3,0.2137,0.2114,0.05,0.1294,0.1262
Green Valley,2020,October,C200412991004,10,8.1,8.71,73.7,4,37,0.001735,0.278,0.276,299,8.43,10.4,10.76,96.5,0.153,0.1522,0.05,0.1409,0.1408
Green Valley,2020,October,C200412991005,10,8.1,8.71,73.7,5,38,0.001735,0.272,0.265,299,8.6,9.9,11.12,98.4,0.1326,0.1333,0.05,0.1409,0.1408
Green Valley,2020,October,C200412991006,10,8.1,8.71,73.7,6,39,0.001735,0.298,0.294,299,8.39,10.5,10.5,94.2,0.1357,0.135,0.05,0.1409,0.1408
Green Valley,2020,October,C20041299107,1,6.7,10.19,83.3,7,40,0.001735,0.267,0.26,299,8.52,10.3,10.8,96.4,0.1468,0.1486,0.05,0.1108,0.1112
Green Valley,2020,October,C20041299108,1,6.7,10.19,83.3,8,41,0.001735,0.282,0.28,299,8.48,10,10.92,96.6,0.1529,0.1505,0.05,0.1108,0.1112
Green Valley,2020,October,C20041299109,1,6.7,10.19,83.3,9,42,0.001735,0.298,0.292,299,8.45,9.4,11,96.2,0.141,0.1416,0.05,0.1108,0.1112
Green Valley,2020,October,C20041300401,4,8.4,8.65,73.8,1,34,0.001735,0.179,0.172,300,8.7,12.4,10.55,99.2,0.1826,0.1804,0.05,0.1423,0.1423
Green Valley,2020,October,C20041300402,4,8.4,8.65,73.8,2,35,0.001735,0.196,0.19,300,8.5,10.5,10.7,95.9,0.1831,0.1846,0.05,0.1423,0.1423
Green Valley,2020,October,C20041300403,4,8.4,8.65,73.8,3,36,0.001735,0.194,0.194,300,8.49,9.9,10.87,96.2,0.2,0.2023,0.05,0.1423,0.1423
Green Valley,2020,October,C200413001004,10,8.1,8.71,73.7,4,37,0.001735,0.278,0.276,300,8.48,10.2,10.79,95.9,0.1509,0.1495,0.05,0.1241,0.1258
Green Valley,2020,October,C200413001005,10,8.1,8.71,73.7,5,38,0.001735,0.272,0.265,300,8.41,9.9,10.23,90.3,0.1455,0.1429,0.05,0.1241,0.1258
Green Valley,2020,October,C200413001006,10,8.1,8.71,73.7,6,39,0.001735,0.298,0.294,300,8.36,10.2,10.42,92.8,0.1423,0.141,0.05,0.1241,0.1258
Green Valley,2020,October,C20041300107,1,6.7,10.19,83.3,7,40,0.001735,0.267,0.26,300,8.43,10,10.86,96.3,0.1353,0.134,0.05,0.1156,0.1151
Green Valley,2020,October,C20041300108,1,6.7,10.19,83.3,8,41,0.001735,0.282,0.28,300,8.42,10,10.86,96.3,0.1546,0.1552,0.05,0.1156,0.1151
Green Valley,2020,October,C20041300109,1,6.7,10.19,83.3,9,42,0.001735,0.298,0.292,300,8.36,9.6,10.87,95.6,0.1247,0.1231,0.05,0.1156,0.1151
Green Valley,2020,October,C20041301401,4,8.4,8.65,73.8,1,34,0.001735,0.179,0.172,301,8.56,12.2,10,93.3,0.2111,0.212,0.05,0.1383,0.1387
Green Valley,2020,October,C20041301402,4,8.4,8.65,73.8,2,35,0.001735,0.196,0.19,301,8.43,10.7,10.31,92.9,0.1594,0.1601,0.05,0.1383,0.1387
Green Valley,2020,October,C20041301403,4,8.4,8.65,73.8,3,36,0.001735,0.194,0.194,301,8.36,9.9,10.52,93.1,0.2019,0.2005,0.05,0.1383,0.1387
Green Valley,2020,October,C200413011004,10,8.1,8.71,73.7,4,37,0.001735,0.278,0.276,301,8.41,10.2,10.64,94.8,0.1486,0.1461,0.05,0.1247,0.1233
Green Valley,2020,October,C200413011005,10,8.1,8.71,73.7,5,38,0.001735,0.272,0.265,301,8.24,10.1,9.3,82.7,0.1458,0.1439,0.05,0.1247,0.1233
Green Valley,2020,October,C200413011006,10,8.1,8.71,73.7,6,39,0.001735,0.298,0.294,301,8.3,10.1,10.46,93.1,0.1439,0.1439,0.05,0.1247,0.1233
Green Valley,2020,October,C20041301107,1,6.7,10.19,83.3,7,40,0.001735,0.267,0.26,301,8.45,10,10.78,95.6,0.1343,0.1325,0.05,0.1106,0.1106
Green Valley,2020,October,C20041301108,1,6.7,10.19,83.3,8,41,0.001735,0.282,0.28,301,8.33,10,10.31,91.6,0.1553,0.1546,0.05,0.1106,0.1106
Green Valley,2020,October,C20041301109,1,6.7,10.19,83.3,9,42,0.001735,0.298,0.292,301,8.35,9.6,10.64,93.4,0.125,0.1258,0.05,0.1106,0.1106
Green Valley,2020,October,C20041302401,4,8.4,8.65,73.8,1,34,0.001735,0.179,0.172,302,8.48,12.9,10.01,94.7,0.1522,0.1522,NA,NA,NA
Green Valley,2020,October,C20041302402,4,8.4,8.65,73.8,2,35,0.001735,0.196,0.19,302,8.44,11.1,10.38,94.3,0.1463,0.1455,NA,NA,NA
Green Valley,2020,October,C20041302403,4,8.4,8.65,73.8,3,36,0.001735,0.194,0.194,302,8.28,10.6,9.92,89.2,0.2089,0.2072,NA,NA,NA
Green Valley,2020,October,C200413021004,10,8.1,8.71,73.7,4,37,0.001735,0.278,0.276,302,8.39,11.4,10.4,95.4,0.1347,0.135,NA,NA,NA
Green Valley,2020,October,C200413021005,10,8.1,8.71,73.7,5,38,0.001735,0.272,0.265,302,8.19,10.7,8.76,79,0.1398,0.1395,NA,NA,NA
Green Valley,2020,October,C200413021006,10,8.1,8.71,73.7,6,39,0.001735,0.298,0.294,302,8.3,11,10.05,91.5,0.1431,0.1418,NA,NA,NA
Green Valley,2020,October,C20041302107,1,6.7,10.19,83.3,7,40,0.001735,0.267,0.26,302,8.48,11.4,10.61,97.4,0.1463,0.1464,NA,NA,NA
Green Valley,2020,October,C20041302108,1,6.7,10.19,83.3,8,41,0.001735,0.282,0.28,302,8.3,11.2,10.12,92.1,0.141,0.1401,NA,NA,NA
Green Valley,2020,October,C20041302109,1,6.7,10.19,83.3,9,42,0.001735,0.298,0.292,302,8.18,11,10.17,92.4,0.1054,0.1059,NA,NA,NA
Green Valley,2019,July,C1904120401o1,1,NA,7,NA,1,43,0.001735,0.27,NA,204,7.44,20,NA,NA,0.59913,0.59343,0.075,0.64705,NA
Green Valley,2019,July,C1904120401o2,1,NA,7,NA,2,44,0.001735,0.325,NA,204,8.77,20,NA,NA,0.50943,0.50029,0.075,0.64705,NA
Green Valley,2019,July,C1904120402A9,2,NA,1.85,NA,9,45,0.001735,0.29,NA,204,8.2,20,NA,NA,0.40436,0.41435,0.075,0.3285,NA
Green Valley,2019,July,C1904120402A10,2,NA,1.85,NA,10,46,0.001735,0.262,NA,204,8.33,20,NA,NA,0.45389,0.46744,0.075,0.3285,NA
Green Valley,2019,July,C1904120403A11,3,NA,0.77,NA,11,47,0.001735,0.203,NA,204,8.37,20,NA,NA,0.61433,0.61421,0.075,0.751825,NA
Green Valley,2019,July,C1904120403A12,3,NA,0.77,NA,12,48,0.001735,0.21,NA,204,8.36,20,NA,NA,0.50638,0.52169,0.075,0.751825,NA
Green Valley,2019,July,C1904120406o17,6,NA,4.8,NA,17,53,0.001735,0.283,NA,204,8.4,20,NA,NA,0.45994,0.46923,0.075,0.37764,NA
Green Valley,2019,July,C1904120406o18,6,NA,4.8,NA,18,54,0.001735,0.242,NA,204,8.44,20,NA,NA,0.43516,0.45278,0.075,0.37764,NA
Green Valley,2019,July,C1904120404A19,4,NA,0.41,NA,19,49,0.001735,0.18,NA,204,8.74,20,NA,NA,1.0498,1.0515,0.075,0.848605,NA
Green Valley,2019,July,C1904120404A20,4,NA,0.41,NA,20,50,0.001735,0.169,NA,204,8.91,20,NA,NA,0.9337,0.93504,0.075,0.848605,NA
Green Valley,2019,July,C1904120405A21,5,NA,0.77,NA,21,51,0.001735,0.205,NA,204,8.93,20,NA,NA,1.1268,1.0256,0.1,0.514675,NA
Green Valley,2019,July,C1904120405A22,5,NA,0.77,NA,22,52,0.001735,0.137,NA,204,8.9,20,NA,NA,0.98071,0.98118,0.075,0.514675,NA
Green Valley,2019,July,C1904120501o1,1,NA,7,NA,1,43,0.001735,0.27,NA,205,7.57,20,NA,NA,0.4244,0.40032,0.07,0.33139,NA
Green Valley,2019,July,C1904120501o2,1,NA,7,NA,2,44,0.001735,0.325,NA,205,8.24,20,NA,NA,0.43151,0.40641,0.07,0.33139,NA
Green Valley,2019,July,C1904120502A9,2,NA,1.85,NA,9,45,0.001735,0.29,NA,205,8.34,20,NA,NA,0.32201,0.31204,0.07,0.303805,NA
Green Valley,2019,July,C1904120502A10,2,NA,1.85,NA,10,46,0.001735,0.262,NA,205,8.36,20,NA,NA,0.49677,0.54549,0.07,0.303805,NA
Green Valley,2019,July,C1904120503A11,3,NA,0.77,NA,11,47,0.001735,0.203,NA,205,8.62,20,NA,NA,0.56381,0.53328,0.07,0.81694,NA
Green Valley,2019,July,C1904120503A12,3,NA,0.77,NA,12,48,0.001735,0.21,NA,205,8.64,20,NA,NA,0.57806,0.58113,0.07,0.81694,NA
Green Valley,2019,July,C1904120506o17,6,NA,4.8,NA,17,53,0.001735,0.283,NA,205,8.26,20,NA,NA,0.30821,0.30725,0.07,0.331835,NA
Green Valley,2019,July,C1904120506o18,6,NA,4.8,NA,18,54,0.001735,0.242,NA,205,8.3,20,NA,NA,0.34463,0.30536,0.07,0.331835,NA
Green Valley,2019,July,C1904120504A19,4,NA,0.41,NA,19,49,0.001735,0.18,NA,205,8.79,20,NA,NA,0.94915,0.78925,0.07,0.784295,NA
Green Valley,2019,July,C1904120504A20,4,NA,0.41,NA,20,50,0.001735,0.169,NA,205,9.02,20,NA,NA,0.93378,0.86662,0.07,0.784295,NA
Green Valley,2019,July,C1904120505A21,5,NA,0.77,NA,21,51,0.001735,0.205,NA,205,9,20,NA,NA,0.79799,0.76742,0.07,0.483445,NA
Green Valley,2019,July,C1904120505A22,5,NA,0.77,NA,22,52,0.001735,0.137,NA,205,8.96,20,NA,NA,0.85185,0.91055,0.07,0.483445,NA
Green Valley,2019,July,C1904120601o1,1,NA,7,NA,1,43,0.001735,0.27,NA,206,6.83,20,NA,NA,0.32105,0.32514,0.07,0.359135,NA
Green Valley,2019,July,C1904120601o2,1,NA,7,NA,2,44,0.001735,0.325,NA,206,7.69,20,NA,NA,0.44047,0.44657,0.07,0.359135,NA
Green Valley,2019,July,C1904120602A9,2,NA,1.85,NA,9,45,0.001735,0.29,NA,206,8.06,20,NA,NA,0.3132,0.30813,0.07,0.31608,NA
Green Valley,2019,July,C1904120602A10,2,NA,1.85,NA,10,46,0.001735,0.262,NA,206,8.08,20,NA,NA,0.4444,0.43146,0.07,0.31608,NA
Green Valley,2019,July,C1904120603A11,3,NA,0.77,NA,11,47,0.001735,0.203,NA,206,8.3,20,NA,NA,0.42952,0.41748,0.07,0.81114,NA
Green Valley,2019,July,C1904120603A12,3,NA,0.77,NA,12,48,0.001735,0.21,NA,206,8.23,20,NA,NA,0.46265,0.45143,0.07,0.81114,NA
Green Valley,2019,July,C1904120606o17,6,NA,4.8,NA,17,53,0.001735,0.283,NA,206,8.26,20,NA,NA,0.42946,0.20759,0.07,0.3478,NA
Green Valley,2019,July,C1904120606o18,6,NA,4.8,NA,18,54,0.001735,0.242,NA,206,8.32,20,NA,NA,0.45739,0.28181,0.07,0.3478,NA
Green Valley,2019,July,C1904120604A19,4,NA,0.41,NA,19,49,0.001735,0.18,NA,206,8.49,20,NA,NA,0.79372,0.755,0.07,0.804355,NA
Green Valley,2019,July,C1904120604A20,4,NA,0.41,NA,20,50,0.001735,0.169,NA,206,8.73,20,NA,NA,0.75992,0.73594,0.07,0.804355,NA
Green Valley,2019,July,C1904120605A21,5,NA,0.77,NA,21,51,0.001735,0.205,NA,206,8.9,20,NA,NA,0.67581,0.7739,0.07,0.44596,NA
Green Valley,2019,July,C1904120605A22,5,NA,0.77,NA,22,52,0.001735,0.137,NA,206,8.75,20,NA,NA,0.47658,0.51397,0.07,0.44596,NA
Green Valley,2019,July,C1904120701o1,1,NA,7,NA,1,43,0.001735,0.27,NA,207,7.21,20,NA,NA,0.28183,0.26492,0.07,0.344535,NA
Green Valley,2019,July,C1904120701o2,1,NA,7,NA,2,44,0.001735,0.325,NA,207,7.39,20,NA,NA,0.4,0.43044,0.07,0.344535,NA
Green Valley,2019,July,C1904120702A9,2,NA,1.85,NA,9,45,0.001735,0.29,NA,207,8,20,NA,NA,0.29222,0.28436,0.07,0.289165,NA
Green Valley,2019,July,C1904120702A10,2,NA,1.85,NA,10,46,0.001735,0.262,NA,207,8.01,20,NA,NA,0.37548,0.3718,0.07,0.289165,NA
Green Valley,2019,July,C1904120703A11,3,NA,0.77,NA,11,47,0.001735,0.203,NA,207,8.08,20,NA,NA,0.54368,0.53653,0.07,0.95323,NA
Green Valley,2019,July,C1904120703A12,3,NA,0.77,NA,12,48,0.001735,0.21,NA,207,8,20,NA,NA,0.56757,0.55501,0.07,0.95323,NA
Green Valley,2019,July,C1904120706o17,6,NA,4.8,NA,17,53,0.001735,0.283,NA,207,8.29,20,NA,NA,0.21269,0.19879,0.07,0.306845,NA
Green Valley,2019,July,C1904120706o18,6,NA,4.8,NA,18,54,0.001735,0.242,NA,207,8.27,20,NA,NA,0.18004,0.19455,0.07,0.306845,NA
Green Valley,2019,July,C1904120704A19,4,NA,0.41,NA,19,49,0.001735,0.18,NA,207,8.4,20,NA,NA,0.82694,0.86804,0.07,0.83544,NA
Green Valley,2019,July,C1904120704A20,4,NA,0.41,NA,20,50,0.001735,0.169,NA,207,8.53,20,NA,NA,0.71253,0.79211,0.07,0.83544,NA
Green Valley,2019,July,C1904120705A21,5,NA,0.77,NA,21,51,0.001735,0.205,NA,207,8.71,20,NA,NA,0.5905,0.58633,0.07,0.46074,NA
Green Valley,2019,July,C1904120705A22,5,NA,0.77,NA,22,52,0.001735,0.137,NA,207,8.48,20,NA,NA,0.45694,0.42528,0.07,0.46074,NA
Green Valley,2019,July,C1904120801o1,1,NA,7,NA,1,43,0.001735,0.27,NA,208,6.73,20,NA,NA,0.20275,0.21929,NA,NA,NA
Green Valley,2019,July,C1904120801o2,1,NA,7,NA,2,44,0.001735,0.325,NA,208,7.3,20,NA,NA,0.31611,0.28183,NA,NA,NA
Green Valley,2019,July,C1904120802A9,2,NA,1.85,NA,9,45,0.001735,0.29,NA,208,8.31,20,NA,NA,0.3041,0.29113,NA,NA,NA
Green Valley,2019,July,C1904120802A10,2,NA,1.85,NA,10,46,0.001735,0.262,NA,208,8.32,20,NA,NA,0.34144,0.34418,NA,NA,NA
Green Valley,2019,July,C1904120803A11,3,NA,0.77,NA,11,47,0.001735,0.203,NA,208,8.43,20,NA,NA,0.60623,0.58933,NA,NA,NA
Green Valley,2019,July,C1904120803A12,3,NA,0.77,NA,12,48,0.001735,0.21,NA,208,8.3,20,NA,NA,0.47047,0.44772,NA,NA,NA
Green Valley,2019,July,C1904120806o17,6,NA,4.8,NA,17,53,0.001735,0.283,NA,208,8.25,20,NA,NA,0.17711,0.15452,NA,NA,NA
Green Valley,2019,July,C1904120806o18,6,NA,4.8,NA,18,54,0.001735,0.242,NA,208,7.36,20,NA,NA,0.15939,0.13594,NA,NA,NA
Green Valley,2019,July,C1904120804A19,4,NA,0.41,NA,19,49,0.001735,0.18,NA,208,8.64,20,NA,NA,0.83026,0.82807,NA,NA,NA
Green Valley,2019,July,C1904120804A20,4,NA,0.41,NA,20,50,0.001735,0.169,NA,208,8.72,20,NA,NA,0.73365,0.73588,NA,NA,NA
Green Valley,2019,July,C1904120805A21,5,NA,0.77,NA,21,51,0.001735,0.205,NA,208,7.98,20,NA,NA,0.6041,0.58316,NA,NA,NA
Green Valley,2019,July,C1904120805A22,5,NA,0.77,NA,22,52,0.001735,0.137,NA,208,8.77,20,NA,NA,0.49799,0.46925,NA,NA,NA
